{"data_time": 0.003481022024061531, "eta_seconds": 79328.17804327817, "iteration": 19, "lr": 9.996890855381628e-06, "rank_data_time": 0.003481022024061531, "test1": 7.239082606247393e-06, "test2": -7.239082606247393e-06, "time": 1.4428551844903268, "total_loss": 0.0}
{"data_time": 0.0033339714573230594, "iteration": 30, "lr": 9.995090775179828e-06, "rank_data_time": 0.0033339714573230594, "test1": 7.239082606247393e-06, "test2": -7.239082606247393e-06, "time": 1.4517739744915161, "total_loss": 0.0}
{"eta_seconds": 80902.78117156075, "iteration": 31}
{"data_time": 0.004290691518690437, "eta_seconds": 43170.77226299036, "iteration": 19, "lr": 9.996890855381628e-06, "rank_data_time": 0.004290691518690437, "test1": 7.239082606247393e-06, "test2": -7.239082606247393e-06, "time": 0.7852086624770891, "total_loss": 0.0}
{"data_time": 0.004320322012063116, "iteration": 25, "lr": 9.995908997918386e-06, "rank_data_time": 0.004320322012063116, "test1": 7.239082606247393e-06, "test2": -7.239082606247393e-06, "time": 0.7852086624770891, "total_loss": 0.0}
{"eta_seconds": 43569.364129818365, "iteration": 26}
{"data_time": 0.004526475997408852, "iteration": 15, "lr": 9.997545421071034e-06, "rank_data_time": 0.004526475997408852, "test1": 7.239082606247393e-06, "test2": -7.239082606247393e-06, "time": 1.6402163389720954, "total_loss": 0.0}
{"eta_seconds": 90184.01496570272, "iteration": 16}
{"data_time": 0.004457642993656918, "eta_seconds": 42323.603779684054, "iteration": 19, "lr": 9.996890855381628e-06, "rank_data_time": 0.004457642993656918, "test1": 7.239082606247393e-06, "test2": -7.239082606247393e-06, "time": 0.7697999959927984, "total_loss": 0.0}
{"data_time": 0.004598878527758643, "eta_seconds": 41809.59167070687, "iteration": 39, "lr": 9.99361795549487e-06, "rank_data_time": 0.004598878527758643, "test1": 7.239082606247393e-06, "test2": -7.239082606247393e-06, "time": 0.7547748779761605, "total_loss": 0.0}
{"eta_seconds": 41808.83094305638, "iteration": 40}
{"data_time": 0.0034321580023970455, "eta_seconds": 41084.35559706937, "iteration": 19, "lr": 9.996890855381628e-06, "rank_data_time": 0.0034321580023970455, "test1": 7.239082606247393e-06, "test2": -7.239082606247393e-06, "time": 0.7472600144974422, "total_loss": 0.0}
{"data_time": 0.0033638175227679312, "eta_seconds": 40649.54897324089, "iteration": 39, "lr": 9.99361795549487e-06, "rank_data_time": 0.0033638175227679312, "test1": 7.239082606247393e-06, "test2": -7.239082606247393e-06, "time": 0.7227999250171706, "total_loss": 0.0}
{"data_time": 0.0034578524937387556, "iteration": 51, "lr": 9.991654158397306e-06, "rank_data_time": 0.0034578524937387556, "test1": 7.239082606247393e-06, "test2": -7.239082606247393e-06, "time": 0.7430687725136522, "total_loss": 0.0}
{"eta_seconds": 40825.660671485966, "iteration": 52}
{"data_time": 0.0034929364919662476, "eta_seconds": 61874.30174415407, "iteration": 19, "lr": 9.996890855381628e-06, "rank_data_time": 0.0034929364919662476, "test1": 7.239082606247393e-06, "test2": -7.239082606247393e-06, "time": 1.1253965395444538, "total_loss": 0.0}
{"data_time": 0.003658488974906504, "iteration": 28, "lr": 9.995418065168308e-06, "rank_data_time": 0.003658488974906504, "test1": 7.239082606247393e-06, "test2": -7.239082606247393e-06, "time": 1.1151798005157616, "total_loss": 0.0}
{"eta_seconds": 62154.231757341186, "iteration": 29}
{"data_time": 0.0035646939650177956, "iteration": 18, "lr": 9.997054497250414e-06, "rank_data_time": 0.0035646939650177956, "test1": 7.239082606247393e-06, "test2": -7.239082606247393e-06, "time": 0.7526700900052674, "total_loss": 0.0}
{"eta_seconds": 41381.8015484896, "iteration": 19}
{"data_time": 0.004535878979368135, "eta_seconds": 42547.63092341018, "iteration": 19, "lr": 9.996890855381628e-06, "rank_data_time": 0.004535878979368135, "test1": 7.239082606247393e-06, "test2": -7.239082606247393e-06, "time": 0.7738746984978206, "total_loss": 0.0}
{"data_time": 0.004429608001373708, "iteration": 23, "lr": 9.99623628493008e-06, "rank_data_time": 0.004429608001373708, "test1": 7.239082606247393e-06, "test2": -7.239082606247393e-06, "time": 0.762874775507953, "total_loss": 0.0}
{"eta_seconds": 42460.2173614403, "iteration": 24}
{"data_time": 0.003898701979778707, "eta_seconds": 45211.71524710022, "iteration": 19, "lr": 9.996890855381628e-06, "rank_data_time": 0.003898701979778707, "test1": 7.239082606247393e-06, "test2": -7.239082606247393e-06, "time": 0.8223302154801786, "total_loss": 0.0}
{"data_time": 0.004255579493474215, "eta_seconds": 44967.007643734105, "iteration": 39, "lr": 9.99361795549487e-06, "rank_data_time": 0.004255579493474215, "test1": 7.239082606247393e-06, "test2": -7.239082606247393e-06, "time": 0.8093895889760461, "total_loss": 0.0}
{"data_time": 0.004297672479879111, "eta_seconds": 45542.838683228474, "iteration": 59, "lr": 9.990344936506949e-06, "rank_data_time": 0.004297672479879111, "test1": 7.239082606247393e-06, "test2": -7.239082606247393e-06, "time": 0.8522752689896151, "total_loss": 0.0}
{"data_time": 0.004062288993736729, "iteration": 77, "lr": 9.987399117546908e-06, "rank_data_time": 0.004062288993736729, "test1": 7.239082606247393e-06, "test2": -7.239082606247393e-06, "time": 0.8356575524958316, "total_loss": 0.0}
{"eta_seconds": 45936.72124808701, "iteration": 78}
{"data_time": 0.003465349494945258, "eta_seconds": 55453.27380388451, "iteration": 19, "lr": 9.996890855381628e-06, "rank_data_time": 0.003465349494945258, "test1": 7.239082606247393e-06, "test2": -7.239082606247393e-06, "time": 1.0086081084737089, "total_loss": 0.0}
{"data_time": 0.0036066909960936755, "eta_seconds": 57104.63612113148, "iteration": 39, "lr": 9.99361795549487e-06, "rank_data_time": 0.0036066909960936755, "test1": 7.239082606247393e-06, "test2": -7.239082606247393e-06, "time": 1.039021763484925, "total_loss": 0.0}
{"data_time": 0.0038087459979578853, "iteration": 57, "lr": 9.990672243766652e-06, "rank_data_time": 0.0038087459979578853, "test1": 7.239082606247393e-06, "test2": -7.239082606247393e-06, "time": 1.0640342685219366, "total_loss": 0.0}
{"eta_seconds": 58037.69199859124, "iteration": 58}
{"data_time": 0.003849035478197038, "eta_seconds": 53252.34155061946, "iteration": 19, "lr": 9.996890855381628e-06, "rank_data_time": 0.003849035478197038, "test1": 7.239081867282948e-08, "test2": -7.239081867282948e-08, "time": 0.9685766015027184, "total_loss": 0.0}
{"data_time": 0.004429715016158298, "eta_seconds": 53252.17669821577, "iteration": 39, "lr": 9.99361795549487e-06, "rank_data_time": 0.004429715016158298, "test1": 7.239081867282948e-08, "test2": -7.239081867282948e-08, "time": 0.9689260680170264, "total_loss": 0.0}
{"data_time": 0.004769739520270377, "eta_seconds": 53553.59970387886, "iteration": 59, "lr": 9.990344936506949e-06, "rank_data_time": 0.004769739520270377, "test1": 7.239081867282948e-08, "test2": -7.239081867282948e-08, "time": 0.9782764545234386, "total_loss": 0.0}
{"data_time": 0.0045216600119601935, "eta_seconds": 53726.94288242725, "iteration": 79, "lr": 9.987071798370171e-06, "rank_data_time": 0.0045216600119601935, "test1": 7.239081867282948e-08, "test2": -7.239081867282948e-08, "time": 1.003857424511807, "total_loss": 0.0}
{"data_time": 0.003863067482598126, "eta_seconds": 53828.64225790836, "iteration": 99, "lr": 9.98379854103681e-06, "rank_data_time": 0.003863067482598126, "test1": 7.239081867282948e-08, "test2": -7.239081867282948e-08, "time": 0.9902772019559052, "total_loss": 0.0}
{"data_time": 0.003446537011768669, "eta_seconds": 54153.09126698412, "iteration": 119, "lr": 9.9805251644591e-06, "rank_data_time": 0.003446537011768669, "test1": 7.239081867282948e-08, "test2": -7.239081867282948e-08, "time": 1.014560949493898, "total_loss": 0.0}
{"data_time": 0.0036904785374645144, "eta_seconds": 54170.65875434957, "iteration": 139, "lr": 9.977251668589236e-06, "rank_data_time": 0.0036904785374645144, "test1": 7.239081867282948e-08, "test2": -7.239081867282948e-08, "time": 0.9997733919881284,